<filetype binary="false" description="NLPCraft" name="NLPCraft">
  <highlighting>
    <options>
      <option name="LINE_COMMENT" value="//" />
      <option name="COMMENT_START" value="/*" />
      <option name="COMMENT_END" value="*/" />
      <option name="HEX_PREFIX" value="" />
      <option name="NUM_POSTFIXES" value="" />
      <option name="HAS_BRACES" value="true" />
      <option name="HAS_BRACKETS" value="true" />
      <option name="HAS_PARENS" value="true" />
      <option name="HAS_STRING_ESCAPES" value="true" />
    </options>
    <keywords keywords="abs;acos;asin;atan;atan2;avg;cbrt;ceil;comp_addr;comp_city;comp_country;comp_id;comp_name;comp_postcode;comp_region;comp_website;concat;contains;cos;cosh;count;day_of_month;day_of_week;day_of_year;degrees;distinct;ends_with;euler;exp;expm1;first;floor;get;has;has_all;has_any;hour;hypot;if;index_of;is_alpha;is_alphanum;is_alphanumspace;is_alphaspace;is_empty;is_num;is_numspace;is_whitespace;json;keys;last;length;list;log;log10;log1p;lowercase;max;meta_company;meta_conv;meta_frag;meta_intent;meta_model;meta_part;meta_req;meta_sys;meta_tok;meta_user;min;minute;month;non_empty;now;or_else;pi;pow;quarter;radians;rand;replace;req_addr;req_agent;req_id;req_normtext;req_tstamp;reverse;rint;round;second;signum;sin;sinh;size;sort;split;split_trim;sqrt;square;starts_with;stdev;strip;substr;tan;tanh;to_double;to_int;to_string;tok_aliases;tok_all;tok_all_for_group;tok_all_for_id;tok_all_for_parent;tok_ancestors;tok_count;tok_end_idx;tok_find_part;tok_find_parts;tok_groups;tok_has_part;tok_id;tok_index;tok_is_abstract;tok_is_after_group;tok_is_after_id;tok_is_after_parent;tok_is_before_group;tok_is_before_id;tok_is_before_parent;tok_is_bracketed;tok_is_direct;tok_is_english;tok_is_first;tok_is_freeword;tok_is_last;tok_is_permutated;tok_is_quoted;tok_is_stopword;tok_is_swear;tok_is_user;tok_is_wordnet;tok_lemma;tok_parent;tok_pos;tok_sparsity;tok_start_idx;tok_stem;tok_this;tok_unid;tok_value;trim;uppercase;user_admin;user_email;user_fname;user_id;user_lname;user_signup_tstamp;values;week_of_month;week_of_year;year" ignore_case="false" />
    <keywords2 keywords="@;false;null;true" />
    <keywords3 keywords="flow;fragment;import;intent;meta;options;term" />
  </highlighting>
  <extensionMap>
    <mapping ext="idl" />
  </extensionMap>
</filetype>